2021-09-02T13:41:36.013+09:00,Haram_Song,IdeState,Active,PlatformProgramming,Editor,C:/Users/Haram_Song/IdeaProjects/PlatformProgramming/HelloWorld.iml,,10,9,Default task
2021-09-02T13:41:37.019+09:00,Haram_Song,IdeState,Active,PlatformProgramming,Popup,C:/Users/Haram_Song/IdeaProjects/PlatformProgramming/HelloWorld.iml,,10,9,Default task
2021-09-02T13:41:38.029+09:00,Haram_Song,IdeState,Active,PlatformProgramming,Popup,C:/Users/Haram_Song/IdeaProjects/PlatformProgramming/HelloWorld.iml,,10,9,Default task
2021-09-02T13:41:39.036+09:00,Haram_Song,IdeState,Active,PlatformProgramming,Popup,C:/Users/Haram_Song/IdeaProjects/PlatformProgramming/HelloWorld.iml,,10,9,Default task
2021-09-02T13:41:40.048+09:00,Haram_Song,IdeState,Active,PlatformProgramming,Popup,C:/Users/Haram_Song/IdeaProjects/PlatformProgramming/HelloWorld.iml,,10,9,Default task
2021-09-02T13:41:41.058+09:00,Haram_Song,IdeState,Active,PlatformProgramming,Popup,C:/Users/Haram_Song/IdeaProjects/PlatformProgramming/HelloWorld.iml,,10,9,Default task
2021-09-02T13:41:41.367+09:00,Haram_Song,Action,NewClass,PlatformProgramming,Popup,C:/Users/Haram_Song/IdeaProjects/PlatformProgramming/HelloWorld.iml,,10,9,Default task
2021-09-02T13:41:42.069+09:00,Haram_Song,IdeState,Active,PlatformProgramming,Popup,C:/Users/Haram_Song/IdeaProjects/PlatformProgramming/HelloWorld.iml,,10,9,Default task
2021-09-02T13:41:43.080+09:00,Haram_Song,IdeState,Active,PlatformProgramming,Popup,C:/Users/Haram_Song/IdeaProjects/PlatformProgramming/HelloWorld.iml,,10,9,Default task
2021-09-02T13:41:43.329+09:00,Haram_Song,KeyEvent,65535:16:1,PlatformProgramming,Popup,C:/Users/Haram_Song/IdeaProjects/PlatformProgramming/HelloWorld.iml,,10,9,Default task
2021-09-02T13:41:43.456+09:00,Haram_Song,KeyEvent,72:72:1,PlatformProgramming,Popup,C:/Users/Haram_Song/IdeaProjects/PlatformProgramming/HelloWorld.iml,,10,9,Default task
2021-09-02T13:41:43.730+09:00,Haram_Song,KeyEvent,101:69:0,PlatformProgramming,Popup,C:/Users/Haram_Song/IdeaProjects/PlatformProgramming/HelloWorld.iml,,10,9,Default task
2021-09-02T13:41:43.887+09:00,Haram_Song,KeyEvent,108:76:0,PlatformProgramming,Popup,C:/Users/Haram_Song/IdeaProjects/PlatformProgramming/HelloWorld.iml,,10,9,Default task
2021-09-02T13:41:44.040+09:00,Haram_Song,KeyEvent,108:76:0,PlatformProgramming,Popup,C:/Users/Haram_Song/IdeaProjects/PlatformProgramming/HelloWorld.iml,,10,9,Default task
2021-09-02T13:41:44.094+09:00,Haram_Song,IdeState,Active,PlatformProgramming,Popup,C:/Users/Haram_Song/IdeaProjects/PlatformProgramming/HelloWorld.iml,,10,9,Default task
2021-09-02T13:41:44.233+09:00,Haram_Song,KeyEvent,111:79:0,PlatformProgramming,Popup,C:/Users/Haram_Song/IdeaProjects/PlatformProgramming/HelloWorld.iml,,10,9,Default task
2021-09-02T13:41:44.522+09:00,Haram_Song,KeyEvent,65535:16:1,PlatformProgramming,Popup,C:/Users/Haram_Song/IdeaProjects/PlatformProgramming/HelloWorld.iml,,10,9,Default task
2021-09-02T13:41:44.652+09:00,Haram_Song,KeyEvent,87:87:1,PlatformProgramming,Popup,C:/Users/Haram_Song/IdeaProjects/PlatformProgramming/HelloWorld.iml,,10,9,Default task
2021-09-02T13:41:44.816+09:00,Haram_Song,KeyEvent,111:79:0,PlatformProgramming,Popup,C:/Users/Haram_Song/IdeaProjects/PlatformProgramming/HelloWorld.iml,,10,9,Default task
2021-09-02T13:41:44.909+09:00,Haram_Song,KeyEvent,114:82:0,PlatformProgramming,Popup,C:/Users/Haram_Song/IdeaProjects/PlatformProgramming/HelloWorld.iml,,10,9,Default task
2021-09-02T13:41:45.100+09:00,Haram_Song,IdeState,Active,PlatformProgramming,Popup,C:/Users/Haram_Song/IdeaProjects/PlatformProgramming/HelloWorld.iml,,10,9,Default task
2021-09-02T13:41:45.164+09:00,Haram_Song,KeyEvent,108:76:0,PlatformProgramming,Popup,C:/Users/Haram_Song/IdeaProjects/PlatformProgramming/HelloWorld.iml,,10,9,Default task
2021-09-02T13:41:45.295+09:00,Haram_Song,KeyEvent,100:68:0,PlatformProgramming,Popup,C:/Users/Haram_Song/IdeaProjects/PlatformProgramming/HelloWorld.iml,,10,9,Default task
2021-09-02T13:41:46.113+09:00,Haram_Song,IdeState,Active,PlatformProgramming,Popup,C:/Users/Haram_Song/IdeaProjects/PlatformProgramming/HelloWorld.iml,,10,9,Default task
2021-09-02T13:41:46.914+09:00,Haram_Song,KeyEvent,10:10:0,,,,,-1,-1,
2021-09-02T13:41:47.123+09:00,Haram_Song,IdeState,Active,PlatformProgramming,Editor,C:/Users/Haram_Song/IdeaProjects/PlatformProgramming/src/HelloWorld.java,,0,24,Default task
2021-09-02T13:41:48.128+09:00,Haram_Song,IdeState,Active,PlatformProgramming,Editor,C:/Users/Haram_Song/IdeaProjects/PlatformProgramming/src/HelloWorld.java,,0,24,Default task
2021-09-02T13:41:49.138+09:00,Haram_Song,IdeState,Active,PlatformProgramming,Editor,C:/Users/Haram_Song/IdeaProjects/PlatformProgramming/src/HelloWorld.java,,0,24,Default task
2021-09-02T13:41:49.335+09:00,Haram_Song,Action,EditorRight,PlatformProgramming,Editor,C:/Users/Haram_Song/IdeaProjects/PlatformProgramming/src/HelloWorld.java,,0,24,Default task
2021-09-02T13:41:49.339+09:00,Haram_Song,KeyEvent,65535:39:0,PlatformProgramming,Editor,C:/Users/Haram_Song/IdeaProjects/PlatformProgramming/src/HelloWorld.java,,0,25,Default task
2021-09-02T13:41:50.149+09:00,Haram_Song,IdeState,Active,PlatformProgramming,Editor,C:/Users/Haram_Song/IdeaProjects/PlatformProgramming/src/HelloWorld.java,,0,25,Default task
2021-09-02T13:41:50.775+09:00,Haram_Song,Action,EditorEnter,PlatformProgramming,Editor,C:/Users/Haram_Song/IdeaProjects/PlatformProgramming/src/HelloWorld.java,,0,25,Default task
2021-09-02T13:41:50.782+09:00,Haram_Song,KeyEvent,10:10:0,PlatformProgramming,Editor,C:/Users/Haram_Song/IdeaProjects/PlatformProgramming/src/HelloWorld.java,,1,4,Default task
2021-09-02T13:41:51.159+09:00,Haram_Song,IdeState,Active,PlatformProgramming,Editor,C:/Users/Haram_Song/IdeaProjects/PlatformProgramming/src/HelloWorld.java,,1,4,Default task
2021-09-02T13:41:52.173+09:00,Haram_Song,IdeState,Active,PlatformProgramming,Editor,C:/Users/Haram_Song/IdeaProjects/PlatformProgramming/src/HelloWorld.java,,1,4,Default task
2021-09-02T13:41:53.183+09:00,Haram_Song,IdeState,Active,PlatformProgramming,Editor,C:/Users/Haram_Song/IdeaProjects/PlatformProgramming/src/HelloWorld.java,,1,4,Default task
2021-09-02T13:41:54.193+09:00,Haram_Song,IdeState,Active,PlatformProgramming,Editor,C:/Users/Haram_Song/IdeaProjects/PlatformProgramming/src/HelloWorld.java,,1,4,Default task
2021-09-02T13:41:55.238+09:00,Haram_Song,IdeState,Inactive,,,,,-1,-1,
2021-09-02T13:41:56.245+09:00,Haram_Song,IdeState,Inactive,,,,,-1,-1,
2021-09-02T13:41:57.249+09:00,Haram_Song,IdeState,Inactive,,,,,-1,-1,
2021-09-02T13:41:58.260+09:00,Haram_Song,IdeState,Inactive,,,,,-1,-1,
2021-09-02T13:41:59.268+09:00,Haram_Song,IdeState,Inactive,,,,,-1,-1,
2021-09-02T13:42:00.282+09:00,Haram_Song,IdeState,Inactive,,,,,-1,-1,
2021-09-02T13:42:01.285+09:00,Haram_Song,IdeState,Inactive,,,,,-1,-1,
2021-09-02T13:42:02.298+09:00,Haram_Song,IdeState,Inactive,,,,,-1,-1,
2021-09-02T13:42:03.308+09:00,Haram_Song,IdeState,Inactive,,,,,-1,-1,
2021-09-02T13:42:04.315+09:00,Haram_Song,IdeState,Inactive,,,,,-1,-1,
2021-09-02T13:42:05.328+09:00,Haram_Song,IdeState,Active,PlatformProgramming,Editor,C:/Users/Haram_Song/IdeaProjects/PlatformProgramming/src/HelloWorld.java,,1,4,Default task
2021-09-02T13:42:06.340+09:00,Haram_Song,IdeState,Active,PlatformProgramming,Editor,C:/Users/Haram_Song/IdeaProjects/PlatformProgramming/src/HelloWorld.java,,1,4,Default task
2021-09-02T13:42:06.975+09:00,Haram_Song,KeyEvent,112:80:0,PlatformProgramming,Editor,C:/Users/Haram_Song/IdeaProjects/PlatformProgramming/src/HelloWorld.java,,1,4,Default task
2021-09-02T13:42:07.083+09:00,Haram_Song,KeyEvent,117:85:0,PlatformProgramming,Editor,C:/Users/Haram_Song/IdeaProjects/PlatformProgramming/src/HelloWorld.java,,1,5,Default task
2021-09-02T13:42:07.232+09:00,Haram_Song,KeyEvent,98:66:0,PlatformProgramming,Editor,C:/Users/Haram_Song/IdeaProjects/PlatformProgramming/src/HelloWorld.java,,1,6,Default task
2021-09-02T13:42:07.341+09:00,Haram_Song,IdeState,Active,PlatformProgramming,Editor,C:/Users/Haram_Song/IdeaProjects/PlatformProgramming/src/HelloWorld.java,,1,7,Default task
2021-09-02T13:42:07.347+09:00,Haram_Song,KeyEvent,108:76:0,PlatformProgramming,Editor,C:/Users/Haram_Song/IdeaProjects/PlatformProgramming/src/HelloWorld.java,,1,7,Default task
2021-09-02T13:42:07.502+09:00,Haram_Song,KeyEvent,105:73:0,PlatformProgramming,Editor,C:/Users/Haram_Song/IdeaProjects/PlatformProgramming/src/HelloWorld.java,,1,8,Default task
2021-09-02T13:42:07.652+09:00,Haram_Song,KeyEvent,99:67:0,PlatformProgramming,Editor,C:/Users/Haram_Song/IdeaProjects/PlatformProgramming/src/HelloWorld.java,,1,9,Default task
2021-09-02T13:42:07.817+09:00,Haram_Song,KeyEvent,32:32:0,PlatformProgramming,Editor,C:/Users/Haram_Song/IdeaProjects/PlatformProgramming/src/HelloWorld.java,,1,10,Default task
2021-09-02T13:42:08.347+09:00,Haram_Song,IdeState,Active,PlatformProgramming,Editor,C:/Users/Haram_Song/IdeaProjects/PlatformProgramming/src/HelloWorld.java,,1,11,Default task
2021-09-02T13:42:08.723+09:00,Haram_Song,KeyEvent,115:83:0,PlatformProgramming,Editor,C:/Users/Haram_Song/IdeaProjects/PlatformProgramming/src/HelloWorld.java,,1,11,Default task
2021-09-02T13:42:08.868+09:00,Haram_Song,KeyEvent,116:84:0,PlatformProgramming,Editor,C:/Users/Haram_Song/IdeaProjects/PlatformProgramming/src/HelloWorld.java,,1,12,Default task
2021-09-02T13:42:09.022+09:00,Haram_Song,KeyEvent,97:65:0,PlatformProgramming,Editor,C:/Users/Haram_Song/IdeaProjects/PlatformProgramming/src/HelloWorld.java,,1,13,Default task
2021-09-02T13:42:09.252+09:00,Haram_Song,KeyEvent,116:84:0,PlatformProgramming,Editor,C:/Users/Haram_Song/IdeaProjects/PlatformProgramming/src/HelloWorld.java,,1,14,Default task
2021-09-02T13:42:09.354+09:00,Haram_Song,KeyEvent,105:73:0,PlatformProgramming,Editor,C:/Users/Haram_Song/IdeaProjects/PlatformProgramming/src/HelloWorld.java,,1,15,Default task
2021-09-02T13:42:09.363+09:00,Haram_Song,IdeState,Active,PlatformProgramming,Editor,C:/Users/Haram_Song/IdeaProjects/PlatformProgramming/src/HelloWorld.java,,1,16,Default task
2021-09-02T13:42:09.517+09:00,Haram_Song,KeyEvent,99:67:0,PlatformProgramming,Editor,C:/Users/Haram_Song/IdeaProjects/PlatformProgramming/src/HelloWorld.java,,1,16,Default task
2021-09-02T13:42:09.644+09:00,Haram_Song,KeyEvent,32:32:0,PlatformProgramming,Editor,C:/Users/Haram_Song/IdeaProjects/PlatformProgramming/src/HelloWorld.java,,1,17,Default task
2021-09-02T13:42:09.990+09:00,Haram_Song,KeyEvent,118:86:0,PlatformProgramming,Editor,C:/Users/Haram_Song/IdeaProjects/PlatformProgramming/src/HelloWorld.java,,1,18,Default task
2021-09-02T13:42:10.090+09:00,Haram_Song,KeyEvent,111:79:0,PlatformProgramming,Editor,C:/Users/Haram_Song/IdeaProjects/PlatformProgramming/src/HelloWorld.java,,1,19,Default task
2021-09-02T13:42:10.244+09:00,Haram_Song,KeyEvent,105:73:0,PlatformProgramming,Editor,C:/Users/Haram_Song/IdeaProjects/PlatformProgramming/src/HelloWorld.java,,1,20,Default task
2021-09-02T13:42:10.330+09:00,Haram_Song,KeyEvent,100:68:0,PlatformProgramming,Editor,C:/Users/Haram_Song/IdeaProjects/PlatformProgramming/src/HelloWorld.java,,1,21,Default task
2021-09-02T13:42:10.376+09:00,Haram_Song,IdeState,Active,PlatformProgramming,Editor,C:/Users/Haram_Song/IdeaProjects/PlatformProgramming/src/HelloWorld.java,,1,22,Default task
2021-09-02T13:42:10.447+09:00,Haram_Song,KeyEvent,32:32:0,PlatformProgramming,Editor,C:/Users/Haram_Song/IdeaProjects/PlatformProgramming/src/HelloWorld.java,,1,22,Default task
2021-09-02T13:42:10.606+09:00,Haram_Song,KeyEvent,109:77:0,PlatformProgramming,Editor,C:/Users/Haram_Song/IdeaProjects/PlatformProgramming/src/HelloWorld.java,,1,23,Default task
2021-09-02T13:42:10.710+09:00,Haram_Song,KeyEvent,97:65:0,PlatformProgramming,Editor,C:/Users/Haram_Song/IdeaProjects/PlatformProgramming/src/HelloWorld.java,,1,24,Default task
2021-09-02T13:42:10.828+09:00,Haram_Song,KeyEvent,105:73:0,PlatformProgramming,Editor,C:/Users/Haram_Song/IdeaProjects/PlatformProgramming/src/HelloWorld.java,,1,25,Default task
2021-09-02T13:42:10.903+09:00,Haram_Song,KeyEvent,110:78:0,PlatformProgramming,Editor,C:/Users/Haram_Song/IdeaProjects/PlatformProgramming/src/HelloWorld.java,,1,26,Default task
2021-09-02T13:42:11.387+09:00,Haram_Song,IdeState,Active,PlatformProgramming,Editor,C:/Users/Haram_Song/IdeaProjects/PlatformProgramming/src/HelloWorld.java,,1,27,Default task
2021-09-02T13:42:11.585+09:00,Haram_Song,KeyEvent,65535:16:1,PlatformProgramming,Editor,C:/Users/Haram_Song/IdeaProjects/PlatformProgramming/src/HelloWorld.java,,1,27,Default task
2021-09-02T13:42:11.863+09:00,Haram_Song,KeyEvent,40:57:1,PlatformProgramming,Editor,C:/Users/Haram_Song/IdeaProjects/PlatformProgramming/src/HelloWorld.java,,1,27,Default task
2021-09-02T13:42:12.198+09:00,Haram_Song,KeyEvent,65535:16:1,PlatformProgramming,Editor,C:/Users/Haram_Song/IdeaProjects/PlatformProgramming/src/HelloWorld.java,HelloWorld::main,1,28,Default task
2021-09-02T13:42:12.376+09:00,Haram_Song,KeyEvent,83:83:1,PlatformProgramming,Editor,C:/Users/Haram_Song/IdeaProjects/PlatformProgramming/src/HelloWorld.java,HelloWorld::main,1,28,Default task
2021-09-02T13:42:12.405+09:00,Haram_Song,IdeState,Active,PlatformProgramming,Editor,C:/Users/Haram_Song/IdeaProjects/PlatformProgramming/src/HelloWorld.java,HelloWorld::main,1,29,Default task
2021-09-02T13:42:12.609+09:00,Haram_Song,KeyEvent,116:84:0,PlatformProgramming,Editor,C:/Users/Haram_Song/IdeaProjects/PlatformProgramming/src/HelloWorld.java,HelloWorld::main,1,29,Default task
2021-09-02T13:42:12.905+09:00,Haram_Song,KeyEvent,114:82:0,PlatformProgramming,Editor,C:/Users/Haram_Song/IdeaProjects/PlatformProgramming/src/HelloWorld.java,HelloWorld::main,1,30,Default task
2021-09-02T13:42:12.938+09:00,Haram_Song,KeyEvent,105:73:0,PlatformProgramming,Editor,C:/Users/Haram_Song/IdeaProjects/PlatformProgramming/src/HelloWorld.java,,1,31,Default task
2021-09-02T13:42:12.989+09:00,Haram_Song,KeyEvent,110:78:0,PlatformProgramming,Editor,C:/Users/Haram_Song/IdeaProjects/PlatformProgramming/src/HelloWorld.java,HelloWorld::main,1,32,Default task
2021-09-02T13:42:13.413+09:00,Haram_Song,IdeState,Active,PlatformProgramming,Editor,C:/Users/Haram_Song/IdeaProjects/PlatformProgramming/src/HelloWorld.java,HelloWorld::main,1,33,Default task
2021-09-02T13:42:13.538+09:00,Haram_Song,KeyEvent,103:71:0,PlatformProgramming,Editor,C:/Users/Haram_Song/IdeaProjects/PlatformProgramming/src/HelloWorld.java,HelloWorld::main,1,33,Default task
2021-09-02T13:42:14.425+09:00,Haram_Song,IdeState,Active,PlatformProgramming,Editor,C:/Users/Haram_Song/IdeaProjects/PlatformProgramming/src/HelloWorld.java,HelloWorld::main,1,34,Default task
2021-09-02T13:42:14.669+09:00,Haram_Song,KeyEvent,91:91:0,PlatformProgramming,Editor,C:/Users/Haram_Song/IdeaProjects/PlatformProgramming/src/HelloWorld.java,HelloWorld::main,1,34,Default task
2021-09-02T13:42:14.978+09:00,Haram_Song,Action,EditorRight,PlatformProgramming,Editor,C:/Users/Haram_Song/IdeaProjects/PlatformProgramming/src/HelloWorld.java,HelloWorld::main,1,35,Default task
2021-09-02T13:42:14.979+09:00,Haram_Song,KeyEvent,65535:39:0,PlatformProgramming,Editor,C:/Users/Haram_Song/IdeaProjects/PlatformProgramming/src/HelloWorld.java,HelloWorld::main,1,36,Default task
2021-09-02T13:42:15.433+09:00,Haram_Song,IdeState,Active,PlatformProgramming,Editor,C:/Users/Haram_Song/IdeaProjects/PlatformProgramming/src/HelloWorld.java,HelloWorld::main,1,36,Default task
2021-09-02T13:42:15.450+09:00,Haram_Song,KeyEvent,32:32:0,PlatformProgramming,Editor,C:/Users/Haram_Song/IdeaProjects/PlatformProgramming/src/HelloWorld.java,HelloWorld::main,1,36,Default task
2021-09-02T13:42:15.565+09:00,Haram_Song,KeyEvent,97:65:0,PlatformProgramming,Editor,C:/Users/Haram_Song/IdeaProjects/PlatformProgramming/src/HelloWorld.java,HelloWorld::main,1,37,Default task
2021-09-02T13:42:15.685+09:00,Haram_Song,KeyEvent,114:82:0,PlatformProgramming,Editor,C:/Users/Haram_Song/IdeaProjects/PlatformProgramming/src/HelloWorld.java,HelloWorld::main,1,38,Default task
2021-09-02T13:42:15.910+09:00,Haram_Song,KeyEvent,103:71:0,PlatformProgramming,Editor,C:/Users/Haram_Song/IdeaProjects/PlatformProgramming/src/HelloWorld.java,HelloWorld::main,1,39,Default task
2021-09-02T13:42:16.062+09:00,Haram_Song,KeyEvent,115:83:0,PlatformProgramming,Editor,C:/Users/Haram_Song/IdeaProjects/PlatformProgramming/src/HelloWorld.java,HelloWorld::main,1,40,Default task
2021-09-02T13:42:16.242+09:00,Haram_Song,Action,EditorRight,PlatformProgramming,Editor,C:/Users/Haram_Song/IdeaProjects/PlatformProgramming/src/HelloWorld.java,HelloWorld::main,1,41,Default task
2021-09-02T13:42:16.246+09:00,Haram_Song,KeyEvent,65535:39:0,PlatformProgramming,Editor,C:/Users/Haram_Song/IdeaProjects/PlatformProgramming/src/HelloWorld.java,,1,42,Default task
2021-09-02T13:42:16.445+09:00,Haram_Song,IdeState,Active,PlatformProgramming,Editor,C:/Users/Haram_Song/IdeaProjects/PlatformProgramming/src/HelloWorld.java,,1,42,Default task
2021-09-02T13:42:17.143+09:00,Haram_Song,KeyEvent,32:32:0,PlatformProgramming,Editor,C:/Users/Haram_Song/IdeaProjects/PlatformProgramming/src/HelloWorld.java,,1,42,Default task
2021-09-02T13:42:17.286+09:00,Haram_Song,KeyEvent,65535:16:1,PlatformProgramming,Editor,C:/Users/Haram_Song/IdeaProjects/PlatformProgramming/src/HelloWorld.java,,1,43,Default task
2021-09-02T13:42:17.376+09:00,Haram_Song,KeyEvent,123:91:1,PlatformProgramming,Editor,C:/Users/Haram_Song/IdeaProjects/PlatformProgramming/src/HelloWorld.java,,1,43,Default task
2021-09-02T13:42:17.455+09:00,Haram_Song,IdeState,Active,PlatformProgramming,Editor,C:/Users/Haram_Song/IdeaProjects/PlatformProgramming/src/HelloWorld.java,HelloWorld::main,1,44,Default task
2021-09-02T13:42:17.620+09:00,Haram_Song,Action,EditorEnter,PlatformProgramming,Editor,C:/Users/Haram_Song/IdeaProjects/PlatformProgramming/src/HelloWorld.java,HelloWorld::main,1,44,Default task
2021-09-02T13:42:17.635+09:00,Haram_Song,KeyEvent,10:10:0,PlatformProgramming,Editor,C:/Users/Haram_Song/IdeaProjects/PlatformProgramming/src/HelloWorld.java,,2,8,Default task
2021-09-02T13:42:18.466+09:00,Haram_Song,IdeState,Active,PlatformProgramming,Editor,C:/Users/Haram_Song/IdeaProjects/PlatformProgramming/src/HelloWorld.java,HelloWorld::main,2,8,Default task
2021-09-02T13:42:19.106+09:00,Haram_Song,KeyEvent,65535:16:1,PlatformProgramming,Editor,C:/Users/Haram_Song/IdeaProjects/PlatformProgramming/src/HelloWorld.java,HelloWorld::main,2,8,Default task
2021-09-02T13:42:19.244+09:00,Haram_Song,KeyEvent,83:83:1,PlatformProgramming,Editor,C:/Users/Haram_Song/IdeaProjects/PlatformProgramming/src/HelloWorld.java,HelloWorld::main,2,8,Default task
2021-09-02T13:42:19.506+09:00,Haram_Song,IdeState,Active,PlatformProgramming,Editor,C:/Users/Haram_Song/IdeaProjects/PlatformProgramming/src/HelloWorld.java,HelloWorld::main,2,9,Default task
2021-09-02T13:42:19.523+09:00,Haram_Song,KeyEvent,121:89:0,PlatformProgramming,Editor,C:/Users/Haram_Song/IdeaProjects/PlatformProgramming/src/HelloWorld.java,HelloWorld::main,2,9,Default task
2021-09-02T13:42:19.626+09:00,Haram_Song,KeyEvent,115:83:0,PlatformProgramming,Editor,C:/Users/Haram_Song/IdeaProjects/PlatformProgramming/src/HelloWorld.java,HelloWorld::main,2,10,Default task
2021-09-02T13:42:19.886+09:00,Haram_Song,KeyEvent,116:84:0,PlatformProgramming,Editor,C:/Users/Haram_Song/IdeaProjects/PlatformProgramming/src/HelloWorld.java,HelloWorld::main,2,11,Default task
2021-09-02T13:42:20.010+09:00,Haram_Song,KeyEvent,101:69:0,PlatformProgramming,Editor,C:/Users/Haram_Song/IdeaProjects/PlatformProgramming/src/HelloWorld.java,HelloWorld::main,2,12,Default task
2021-09-02T13:42:20.124+09:00,Haram_Song,KeyEvent,109:77:0,PlatformProgramming,Editor,C:/Users/Haram_Song/IdeaProjects/PlatformProgramming/src/HelloWorld.java,HelloWorld::main,2,13,Default task
2021-09-02T13:42:20.511+09:00,Haram_Song,IdeState,Active,PlatformProgramming,Editor,C:/Users/Haram_Song/IdeaProjects/PlatformProgramming/src/HelloWorld.java,HelloWorld::main,2,14,Default task
2021-09-02T13:42:21.162+09:00,Haram_Song,KeyEvent,46:46:0,PlatformProgramming,Editor,C:/Users/Haram_Song/IdeaProjects/PlatformProgramming/src/HelloWorld.java,HelloWorld::main,2,14,Default task
2021-09-02T13:42:21.451+09:00,Haram_Song,KeyEvent,111:79:0,PlatformProgramming,Editor,C:/Users/Haram_Song/IdeaProjects/PlatformProgramming/src/HelloWorld.java,HelloWorld::main,2,15,Default task
2021-09-02T13:42:21.521+09:00,Haram_Song,IdeState,Active,PlatformProgramming,Editor,C:/Users/Haram_Song/IdeaProjects/PlatformProgramming/src/HelloWorld.java,HelloWorld::main,2,16,Default task
2021-09-02T13:42:21.524+09:00,Haram_Song,KeyEvent,117:85:0,PlatformProgramming,Editor,C:/Users/Haram_Song/IdeaProjects/PlatformProgramming/src/HelloWorld.java,HelloWorld::main,2,16,Default task
2021-09-02T13:42:21.706+09:00,Haram_Song,KeyEvent,116:84:0,PlatformProgramming,Editor,C:/Users/Haram_Song/IdeaProjects/PlatformProgramming/src/HelloWorld.java,HelloWorld::main,2,17,Default task
2021-09-02T13:42:21.832+09:00,Haram_Song,KeyEvent,46:46:0,PlatformProgramming,Editor,C:/Users/Haram_Song/IdeaProjects/PlatformProgramming/src/HelloWorld.java,HelloWorld::main,2,18,Default task
2021-09-02T13:42:22.315+09:00,Haram_Song,KeyEvent,112:80:0,PlatformProgramming,Editor,C:/Users/Haram_Song/IdeaProjects/PlatformProgramming/src/HelloWorld.java,HelloWorld::main,2,19,Default task
2021-09-02T13:42:22.459+09:00,Haram_Song,KeyEvent,114:82:0,PlatformProgramming,Editor,C:/Users/Haram_Song/IdeaProjects/PlatformProgramming/src/HelloWorld.java,HelloWorld::main,2,20,Default task
2021-09-02T13:42:22.532+09:00,Haram_Song,IdeState,Active,PlatformProgramming,Editor,C:/Users/Haram_Song/IdeaProjects/PlatformProgramming/src/HelloWorld.java,HelloWorld::main,2,21,Default task
2021-09-02T13:42:23.045+09:00,Haram_Song,KeyEvent,105:73:0,PlatformProgramming,Editor,C:/Users/Haram_Song/IdeaProjects/PlatformProgramming/src/HelloWorld.java,HelloWorld::main,2,21,Default task
2021-09-02T13:42:23.126+09:00,Haram_Song,KeyEvent,110:78:0,PlatformProgramming,Editor,C:/Users/Haram_Song/IdeaProjects/PlatformProgramming/src/HelloWorld.java,HelloWorld::main,2,22,Default task
2021-09-02T13:42:23.201+09:00,Haram_Song,KeyEvent,116:84:0,PlatformProgramming,Editor,C:/Users/Haram_Song/IdeaProjects/PlatformProgramming/src/HelloWorld.java,HelloWorld::main,2,23,Default task
2021-09-02T13:42:23.545+09:00,Haram_Song,IdeState,Active,PlatformProgramming,Editor,C:/Users/Haram_Song/IdeaProjects/PlatformProgramming/src/HelloWorld.java,HelloWorld::main,2,24,Default task
2021-09-02T13:42:23.551+09:00,Haram_Song,KeyEvent,108:76:0,PlatformProgramming,Editor,C:/Users/Haram_Song/IdeaProjects/PlatformProgramming/src/HelloWorld.java,HelloWorld::main,2,24,Default task
2021-09-02T13:42:23.626+09:00,Haram_Song,KeyEvent,110:78:0,PlatformProgramming,Editor,C:/Users/Haram_Song/IdeaProjects/PlatformProgramming/src/HelloWorld.java,HelloWorld::main,2,25,Default task
2021-09-02T13:42:24.155+09:00,Haram_Song,KeyEvent,65535:16:1,PlatformProgramming,Editor,C:/Users/Haram_Song/IdeaProjects/PlatformProgramming/src/HelloWorld.java,HelloWorld::main,2,26,Default task
2021-09-02T13:42:24.248+09:00,Haram_Song,KeyEvent,40:57:1,PlatformProgramming,Editor,C:/Users/Haram_Song/IdeaProjects/PlatformProgramming/src/HelloWorld.java,HelloWorld::main,2,26,Default task
2021-09-02T13:42:24.547+09:00,Haram_Song,IdeState,Active,PlatformProgramming,Editor,C:/Users/Haram_Song/IdeaProjects/PlatformProgramming/src/HelloWorld.java,HelloWorld::main,2,27,Default task
2021-09-02T13:42:25.102+09:00,Haram_Song,KeyEvent,65535:16:1,PlatformProgramming,Editor,C:/Users/Haram_Song/IdeaProjects/PlatformProgramming/src/HelloWorld.java,HelloWorld::main,2,27,Default task
2021-09-02T13:42:25.217+09:00,Haram_Song,KeyEvent,34:222:1,PlatformProgramming,Editor,C:/Users/Haram_Song/IdeaProjects/PlatformProgramming/src/HelloWorld.java,HelloWorld::main,2,27,Default task
2021-09-02T13:42:25.560+09:00,Haram_Song,IdeState,Active,PlatformProgramming,Editor,C:/Users/Haram_Song/IdeaProjects/PlatformProgramming/src/HelloWorld.java,HelloWorld::main,2,28,Default task
2021-09-02T13:42:25.722+09:00,Haram_Song,KeyEvent,65535:16:1,PlatformProgramming,Editor,C:/Users/Haram_Song/IdeaProjects/PlatformProgramming/src/HelloWorld.java,HelloWorld::main,2,28,Default task
2021-09-02T13:42:25.825+09:00,Haram_Song,KeyEvent,72:72:1,PlatformProgramming,Editor,C:/Users/Haram_Song/IdeaProjects/PlatformProgramming/src/HelloWorld.java,HelloWorld::main,2,28,Default task
2021-09-02T13:42:26.063+09:00,Haram_Song,KeyEvent,101:69:0,PlatformProgramming,Editor,C:/Users/Haram_Song/IdeaProjects/PlatformProgramming/src/HelloWorld.java,HelloWorld::main,2,29,Default task
2021-09-02T13:42:26.181+09:00,Haram_Song,KeyEvent,108:76:0,PlatformProgramming,Editor,C:/Users/Haram_Song/IdeaProjects/PlatformProgramming/src/HelloWorld.java,HelloWorld::main,2,30,Default task
2021-09-02T13:42:26.338+09:00,Haram_Song,KeyEvent,108:76:0,PlatformProgramming,Editor,C:/Users/Haram_Song/IdeaProjects/PlatformProgramming/src/HelloWorld.java,HelloWorld::main,2,31,Default task
2021-09-02T13:42:26.567+09:00,Haram_Song,IdeState,Active,PlatformProgramming,Editor,C:/Users/Haram_Song/IdeaProjects/PlatformProgramming/src/HelloWorld.java,HelloWorld::main,2,32,Default task
2021-09-02T13:42:26.631+09:00,Haram_Song,KeyEvent,111:79:0,PlatformProgramming,Editor,C:/Users/Haram_Song/IdeaProjects/PlatformProgramming/src/HelloWorld.java,HelloWorld::main,2,32,Default task
2021-09-02T13:42:27.135+09:00,Haram_Song,KeyEvent,32:32:0,PlatformProgramming,Editor,C:/Users/Haram_Song/IdeaProjects/PlatformProgramming/src/HelloWorld.java,HelloWorld::main,2,33,Default task
2021-09-02T13:42:27.304+09:00,Haram_Song,KeyEvent,65535:16:1,PlatformProgramming,Editor,C:/Users/Haram_Song/IdeaProjects/PlatformProgramming/src/HelloWorld.java,HelloWorld::main,2,34,Default task
2021-09-02T13:42:27.580+09:00,Haram_Song,IdeState,Active,PlatformProgramming,Editor,C:/Users/Haram_Song/IdeaProjects/PlatformProgramming/src/HelloWorld.java,HelloWorld::main,2,34,Default task
2021-09-02T13:42:27.618+09:00,Haram_Song,KeyEvent,87:87:1,PlatformProgramming,Editor,C:/Users/Haram_Song/IdeaProjects/PlatformProgramming/src/HelloWorld.java,HelloWorld::main,2,34,Default task
2021-09-02T13:42:27.876+09:00,Haram_Song,KeyEvent,111:79:0,PlatformProgramming,Editor,C:/Users/Haram_Song/IdeaProjects/PlatformProgramming/src/HelloWorld.java,HelloWorld::main,2,35,Default task
2021-09-02T13:42:28.000+09:00,Haram_Song,KeyEvent,114:82:0,PlatformProgramming,Editor,C:/Users/Haram_Song/IdeaProjects/PlatformProgramming/src/HelloWorld.java,HelloWorld::main,2,36,Default task
2021-09-02T13:42:28.454+09:00,Haram_Song,KeyEvent,108:76:0,PlatformProgramming,Editor,C:/Users/Haram_Song/IdeaProjects/PlatformProgramming/src/HelloWorld.java,HelloWorld::main,2,37,Default task
2021-09-02T13:42:28.554+09:00,Haram_Song,KeyEvent,100:68:0,PlatformProgramming,Editor,C:/Users/Haram_Song/IdeaProjects/PlatformProgramming/src/HelloWorld.java,HelloWorld::main,2,38,Default task
2021-09-02T13:42:28.591+09:00,Haram_Song,IdeState,Active,PlatformProgramming,Editor,C:/Users/Haram_Song/IdeaProjects/PlatformProgramming/src/HelloWorld.java,HelloWorld::main,2,39,Default task
2021-09-02T13:42:29.067+09:00,Haram_Song,KeyEvent,32:32:0,PlatformProgramming,Editor,C:/Users/Haram_Song/IdeaProjects/PlatformProgramming/src/HelloWorld.java,HelloWorld::main,2,39,Default task
2021-09-02T13:42:29.353+09:00,Haram_Song,KeyEvent,50:50:0,PlatformProgramming,Editor,C:/Users/Haram_Song/IdeaProjects/PlatformProgramming/src/HelloWorld.java,HelloWorld::main,2,40,Default task
2021-09-02T13:42:29.433+09:00,Haram_Song,KeyEvent,48:48:0,PlatformProgramming,Editor,C:/Users/Haram_Song/IdeaProjects/PlatformProgramming/src/HelloWorld.java,HelloWorld::main,2,41,Default task
2021-09-02T13:42:29.598+09:00,Haram_Song,IdeState,Active,PlatformProgramming,Editor,C:/Users/Haram_Song/IdeaProjects/PlatformProgramming/src/HelloWorld.java,HelloWorld::main,2,42,Default task
2021-09-02T13:42:29.608+09:00,Haram_Song,KeyEvent,49:49:0,PlatformProgramming,Editor,C:/Users/Haram_Song/IdeaProjects/PlatformProgramming/src/HelloWorld.java,HelloWorld::main,2,42,Default task
2021-09-02T13:42:29.793+09:00,Haram_Song,KeyEvent,53:53:0,PlatformProgramming,Editor,C:/Users/Haram_Song/IdeaProjects/PlatformProgramming/src/HelloWorld.java,HelloWorld::main,2,43,Default task
2021-09-02T13:42:30.020+09:00,Haram_Song,KeyEvent,49:49:0,PlatformProgramming,Editor,C:/Users/Haram_Song/IdeaProjects/PlatformProgramming/src/HelloWorld.java,HelloWorld::main,2,44,Default task
2021-09-02T13:42:30.210+09:00,Haram_Song,KeyEvent,49:49:0,PlatformProgramming,Editor,C:/Users/Haram_Song/IdeaProjects/PlatformProgramming/src/HelloWorld.java,HelloWorld::main,2,45,Default task
2021-09-02T13:42:30.440+09:00,Haram_Song,KeyEvent,49:49:0,PlatformProgramming,Editor,C:/Users/Haram_Song/IdeaProjects/PlatformProgramming/src/HelloWorld.java,HelloWorld::main,2,46,Default task
2021-09-02T13:42:30.608+09:00,Haram_Song,IdeState,Active,PlatformProgramming,Editor,C:/Users/Haram_Song/IdeaProjects/PlatformProgramming/src/HelloWorld.java,HelloWorld::main,2,47,Default task
2021-09-02T13:42:30.702+09:00,Haram_Song,KeyEvent,50:50:0,PlatformProgramming,Editor,C:/Users/Haram_Song/IdeaProjects/PlatformProgramming/src/HelloWorld.java,HelloWorld::main,2,47,Default task
2021-09-02T13:42:30.927+09:00,Haram_Song,KeyEvent,54:54:0,PlatformProgramming,Editor,C:/Users/Haram_Song/IdeaProjects/PlatformProgramming/src/HelloWorld.java,HelloWorld::main,2,48,Default task
2021-09-02T13:42:31.186+09:00,Haram_Song,KeyEvent,65535:16:1,PlatformProgramming,Editor,C:/Users/Haram_Song/IdeaProjects/PlatformProgramming/src/HelloWorld.java,HelloWorld::main,2,49,Default task
2021-09-02T13:42:31.436+09:00,Haram_Song,KeyEvent,33:49:1,PlatformProgramming,Editor,C:/Users/Haram_Song/IdeaProjects/PlatformProgramming/src/HelloWorld.java,HelloWorld::main,2,49,Default task
2021-09-02T13:42:31.616+09:00,Haram_Song,IdeState,Active,PlatformProgramming,Editor,C:/Users/Haram_Song/IdeaProjects/PlatformProgramming/src/HelloWorld.java,HelloWorld::main,2,50,Default task
2021-09-02T13:42:32.628+09:00,Haram_Song,IdeState,Active,PlatformProgramming,Editor,C:/Users/Haram_Song/IdeaProjects/PlatformProgramming/src/HelloWorld.java,HelloWorld::main,2,50,Default task
2021-09-02T13:42:33.632+09:00,Haram_Song,IdeState,Active,PlatformProgramming,Editor,C:/Users/Haram_Song/IdeaProjects/PlatformProgramming/src/HelloWorld.java,HelloWorld::main,2,50,Default task
2021-09-02T13:42:34.642+09:00,Haram_Song,IdeState,Active,PlatformProgramming,Editor,C:/Users/Haram_Song/IdeaProjects/PlatformProgramming/src/HelloWorld.java,HelloWorld::main,2,50,Default task
2021-09-02T13:42:35.653+09:00,Haram_Song,IdeState,Active,PlatformProgramming,Editor,C:/Users/Haram_Song/IdeaProjects/PlatformProgramming/src/HelloWorld.java,,5,0,Default task
2021-09-02T13:42:36.667+09:00,Haram_Song,IdeState,Active,PlatformProgramming,Editor,C:/Users/Haram_Song/IdeaProjects/PlatformProgramming/src/HelloWorld.java,,5,0,Default task
2021-09-02T13:42:37.677+09:00,Haram_Song,IdeState,Active,PlatformProgramming,Editor,C:/Users/Haram_Song/IdeaProjects/PlatformProgramming/src/HelloWorld.java,,5,0,Default task
2021-09-02T13:42:38.686+09:00,Haram_Song,IdeState,Active,PlatformProgramming,Editor,C:/Users/Haram_Song/IdeaProjects/PlatformProgramming/src/HelloWorld.java,,5,0,Default task
2021-09-02T13:42:39.701+09:00,Haram_Song,IdeState,Active,PlatformProgramming,Editor,C:/Users/Haram_Song/IdeaProjects/PlatformProgramming/src/HelloWorld.java,,5,0,Default task
2021-09-02T13:42:40.713+09:00,Haram_Song,IdeState,Active,PlatformProgramming,Editor,C:/Users/Haram_Song/IdeaProjects/PlatformProgramming/src/HelloWorld.java,,5,0,Default task
2021-09-02T13:42:41.727+09:00,Haram_Song,IdeState,Active,PlatformProgramming,Editor,C:/Users/Haram_Song/IdeaProjects/PlatformProgramming/src/HelloWorld.java,HelloWorld::main,2,52,Default task
2021-09-02T13:42:42.187+09:00,Haram_Song,KeyEvent,59:59:0,PlatformProgramming,Editor,C:/Users/Haram_Song/IdeaProjects/PlatformProgramming/src/HelloWorld.java,HelloWorld::main,2,52,Default task
2021-09-02T13:42:42.736+09:00,Haram_Song,IdeState,Active,PlatformProgramming,Editor,C:/Users/Haram_Song/IdeaProjects/PlatformProgramming/src/HelloWorld.java,HelloWorld::main,2,53,Default task
2021-09-02T13:42:43.748+09:00,Haram_Song,IdeState,Active,PlatformProgramming,Editor,C:/Users/Haram_Song/IdeaProjects/PlatformProgramming/src/HelloWorld.java,HelloWorld::main,2,53,Default task
2021-09-02T13:42:44.755+09:00,Haram_Song,IdeState,Active,PlatformProgramming,Editor,C:/Users/Haram_Song/IdeaProjects/PlatformProgramming/src/HelloWorld.java,HelloWorld::main,2,53,Default task
2021-09-02T13:42:45.770+09:00,Haram_Song,IdeState,Active,PlatformProgramming,Editor,C:/Users/Haram_Song/IdeaProjects/PlatformProgramming/src/HelloWorld.java,HelloWorld::main,2,53,Default task
2021-09-02T13:42:46.779+09:00,Haram_Song,IdeState,Active,PlatformProgramming,Editor,C:/Users/Haram_Song/IdeaProjects/PlatformProgramming/src/HelloWorld.java,HelloWorld::main,2,53,Default task
2021-09-02T13:42:47.786+09:00,Haram_Song,IdeState,Active,PlatformProgramming,Editor,C:/Users/Haram_Song/IdeaProjects/PlatformProgramming/src/HelloWorld.java,HelloWorld::main,2,53,Default task
2021-09-02T13:42:48.795+09:00,Haram_Song,IdeState,Active,PlatformProgramming,Editor,C:/Users/Haram_Song/IdeaProjects/PlatformProgramming/src/HelloWorld.java,HelloWorld::main,2,53,Default task
2021-09-02T13:42:49.805+09:00,Haram_Song,IdeState,Active,PlatformProgramming,Editor,C:/Users/Haram_Song/IdeaProjects/PlatformProgramming/src/HelloWorld.java,HelloWorld::main,2,53,Default task
2021-09-02T13:42:50.819+09:00,Haram_Song,IdeState,Active,PlatformProgramming,Editor,C:/Users/Haram_Song/IdeaProjects/PlatformProgramming/src/HelloWorld.java,HelloWorld::main,2,53,Default task
2021-09-02T13:42:51.831+09:00,Haram_Song,IdeState,Active,PlatformProgramming,Popup,C:/Users/Haram_Song/IdeaProjects/PlatformProgramming/src/HelloWorld.java,HelloWorld::main,2,53,Default task
2021-09-02T13:42:52.840+09:00,Haram_Song,IdeState,Active,PlatformProgramming,Popup,C:/Users/Haram_Song/IdeaProjects/PlatformProgramming/src/HelloWorld.java,HelloWorld::main,2,53,Default task
2021-09-02T13:42:53.847+09:00,Haram_Song,IdeState,Active,PlatformProgramming,Popup,C:/Users/Haram_Song/IdeaProjects/PlatformProgramming/src/HelloWorld.java,HelloWorld::main,2,53,Default task
2021-09-02T13:42:54.861+09:00,Haram_Song,IdeState,Active,PlatformProgramming,Editor,C:/Users/Haram_Song/IdeaProjects/PlatformProgramming/src/HelloWorld.java,,5,0,Default task
2021-09-02T13:42:55.872+09:00,Haram_Song,IdeState,Active,PlatformProgramming,Editor,C:/Users/Haram_Song/IdeaProjects/PlatformProgramming/src/HelloWorld.java,,5,0,Default task
2021-09-02T13:42:56.878+09:00,Haram_Song,IdeState,Inactive,,,,,-1,-1,
2021-09-02T13:42:57.889+09:00,Haram_Song,IdeState,Inactive,,,,,-1,-1,
2021-09-02T13:42:58.900+09:00,Haram_Song,IdeState,Inactive,,,,,-1,-1,
2021-09-02T13:42:59.905+09:00,Haram_Song,IdeState,Inactive,,,,,-1,-1,
2021-09-02T13:43:00.914+09:00,Haram_Song,IdeState,Inactive,,,,,-1,-1,
2021-09-02T13:43:01.928+09:00,Haram_Song,IdeState,Inactive,,,,,-1,-1,
2021-09-02T13:43:02.942+09:00,Haram_Song,IdeState,Inactive,,,,,-1,-1,
2021-09-02T13:43:03.957+09:00,Haram_Song,IdeState,Inactive,,,,,-1,-1,
2021-09-02T13:43:04.969+09:00,Haram_Song,IdeState,Inactive,,,,,-1,-1,
2021-09-02T13:43:05.980+09:00,Haram_Song,IdeState,Inactive,,,,,-1,-1,
2021-09-02T13:43:06.993+09:00,Haram_Song,IdeState,Inactive,,,,,-1,-1,
2021-09-02T13:43:08.006+09:00,Haram_Song,IdeState,Inactive,,,,,-1,-1,
2021-09-02T13:43:09.013+09:00,Haram_Song,IdeState,Inactive,,,,,-1,-1,
2021-09-02T13:43:10.023+09:00,Haram_Song,IdeState,Inactive,,,,,-1,-1,
2021-09-02T13:43:11.042+09:00,Haram_Song,IdeState,Active,PlatformProgramming,Editor,C:/Users/Haram_Song/IdeaProjects/PlatformProgramming/src/HelloWorld.java,,5,0,Default task
2021-09-02T13:43:12.046+09:00,Haram_Song,IdeState,Active,PlatformProgramming,Project,C:/Users/Haram_Song/IdeaProjects/PlatformProgramming/src/HelloWorld.java,,5,0,Default task
2021-09-02T13:43:13.065+09:00,Haram_Song,IdeState,Active,PlatformProgramming,Popup,C:/Users/Haram_Song/IdeaProjects/PlatformProgramming/src/HelloWorld.java,,5,0,Default task
2021-09-02T13:43:14.070+09:00,Haram_Song,IdeState,Active,PlatformProgramming,Popup,C:/Users/Haram_Song/IdeaProjects/PlatformProgramming/src/HelloWorld.java,,5,0,Default task
2021-09-02T13:43:15.079+09:00,Haram_Song,IdeState,Active,PlatformProgramming,Popup,C:/Users/Haram_Song/IdeaProjects/PlatformProgramming/src/HelloWorld.java,,5,0,Default task
2021-09-02T13:43:15.584+09:00,Haram_Song,Action,RunClass,PlatformProgramming,Popup,C:/Users/Haram_Song/IdeaProjects/PlatformProgramming/src/HelloWorld.java,,5,0,Default task
2021-09-02T13:43:16.082+09:00,Haram_Song,IdeState,Active,PlatformProgramming,Project,C:/Users/Haram_Song/IdeaProjects/PlatformProgramming/src/HelloWorld.java,,5,0,Default task
2021-09-02T13:43:17.088+09:00,Haram_Song,IdeState,Active,PlatformProgramming,Project,C:/Users/Haram_Song/IdeaProjects/PlatformProgramming/src/HelloWorld.java,,5,0,Default task
2021-09-02T13:43:18.097+09:00,Haram_Song,IdeState,Active,PlatformProgramming,Project,C:/Users/Haram_Song/IdeaProjects/PlatformProgramming/src/HelloWorld.java,,5,0,Default task
2021-09-02T13:43:19.112+09:00,Haram_Song,IdeState,Active,PlatformProgramming,Project,C:/Users/Haram_Song/IdeaProjects/PlatformProgramming/src/HelloWorld.java,,5,0,Default task
2021-09-02T13:43:20.125+09:00,Haram_Song,IdeState,Active,PlatformProgramming,Project,C:/Users/Haram_Song/IdeaProjects/PlatformProgramming/src/HelloWorld.java,,5,0,Default task
2021-09-02T13:43:21.137+09:00,Haram_Song,IdeState,Active,PlatformProgramming,Project,C:/Users/Haram_Song/IdeaProjects/PlatformProgramming/src/HelloWorld.java,,5,0,Default task
2021-09-02T13:43:22.150+09:00,Haram_Song,IdeState,Active,PlatformProgramming,Project,C:/Users/Haram_Song/IdeaProjects/PlatformProgramming/src/HelloWorld.java,,5,0,Default task
2021-09-02T13:43:23.162+09:00,Haram_Song,IdeState,Active,PlatformProgramming,Popup,C:/Users/Haram_Song/IdeaProjects/PlatformProgramming/src/HelloWorld.java,,5,0,Default task
2021-09-02T13:43:24.170+09:00,Haram_Song,IdeState,Active,PlatformProgramming,Popup,C:/Users/Haram_Song/IdeaProjects/PlatformProgramming/src/HelloWorld.java,,5,0,Default task
2021-09-02T13:43:24.241+09:00,Haram_Song,Action,Start/Stop Activity Tracking,,,,,-1,-1,
